,n,n_positive,prevalence,roc_auc,pr_auc,precision_at_1pct,recall_at_1pct,lift_at_1pct,reviews_at_1pct,precision_at_5pct,recall_at_5pct,lift_at_5pct,reviews_at_5pct,precision_at_10pct,recall_at_10pct,lift_at_10pct,reviews_at_10pct,threshold,tp,fp,tn,fn,precision,recall,f1,false_positive_rate,false_negative_rate,alerts_raised,alert_rate,accuracy,accuracy_trivial_baseline,brier,ece,model,calibration_ok,beats_trivial_accuracy,selected
lightgbm,7233,287,0.039679247891607906,0.9851602857684616,0.8891870446312392,1.0,0.2508710801393728,25.202090592334496,72,0.6740331491712708,0.8501742160278746,16.987044487650877,362,0.37206085753803597,0.9372822299651568,9.376711437535242,723,0.37037037037037035,234,32,6914,53,0.8796992481203008,0.8153310104529616,0.8462929475587704,0.004606968039159228,0.18466898954703834,266,0.03677588828978294,0.9882483063735656,0.9603207521083921,0.008803928616198,0.0028283648127083935,lightgbm,True,True,True
random_forest,7233,287,0.039679247891607906,0.9880077873009407,0.879183059748992,1.0,0.2508710801393728,25.202090592334496,72,0.6712707182320442,0.8466898954703833,16.917425452865423,362,0.3665283540802213,0.9233449477351916,9.237280784188991,723,0.6666666666666666,208,13,6933,79,0.9411764705882353,0.7247386759581882,0.8188976377952756,0.0018715807659084366,0.27526132404181186,221,0.030554403428729435,0.987280519839624,0.9603207521083921,0.010270408671384127,0.001843880945112937,random_forest,True,True,False
hybrid_stacked,7233,287,0.039679247891607906,0.9828262023313746,0.8650043521359541,1.0,0.2508710801393728,25.202090592334496,72,0.6685082872928176,0.8432055749128919,16.847806418079966,362,0.359612724757953,0.9059233449477352,9.06299246750618,723,0.3684210526315789,235,30,6916,52,0.8867924528301887,0.818815331010453,0.8514492753623188,0.004319032536711776,0.18118466898954705,265,0.036637633070648414,0.9886630720309691,0.9603207521083921,0.008812452120286434,0.003236700734542768,hybrid_stacked,True,True,False
hybrid_weighted,7233,287,0.039679247891607906,0.9777381713186142,0.8461090504912679,0.9861111111111112,0.24738675958188153,24.85206155632985,72,0.6574585635359116,0.8292682926829268,16.56933027893815,362,0.35408022130013833,0.89198606271777,8.923561814159932,723,0.75,226,8,6938,61,0.9658119658119658,0.7874564459930313,0.8675623800383877,0.001151742009789807,0.21254355400696864,234,0.03235172127747823,0.990460389879718,0.9603207521083921,0.008987343937372941,0.001542054275106639,hybrid_weighted,True,True,False
gradient_boosting,7233,287,0.039679247891607906,0.98741160028934,0.8352040571675976,0.9444444444444444,0.23693379790940766,23.801974448315914,72,0.6823204419889503,0.8606271777003485,17.19590159200724,362,0.36929460580912865,0.9303135888501742,9.306996110862118,723,0.4523809523809524,235,58,6888,52,0.8020477815699659,0.818815331010453,0.8103448275862069,0.008350129570976101,0.18118466898954705,293,0.04050877920641504,0.9847919258952026,0.9603207521083921,0.011218379048585088,0.002245730554899525,gradient_boosting,True,True,False
logistic_regression,7233,287,0.039679247891607906,0.9742841993637328,0.7880723396647614,0.9861111111111112,0.24738675958188153,24.85206155632985,72,0.6243093922651933,0.7874564459930313,15.733901861512695,362,0.355463347164592,0.8954703832752613,8.958419477496495,723,0.4878048780487805,204,37,6909,83,0.8464730290456431,0.710801393728223,0.7727272727272727,0.005326806795277857,0.289198606271777,241,0.03331950781141988,0.9834093737038573,0.9603207521083921,0.01372790177812597,0.0030886970543377514,logistic_regression,True,True,False
local_outlier_factor,7233,287,0.039679247891607906,0.7567963312803297,0.4068990518839008,0.8333333333333334,0.20905923344947736,21.00174216027875,72,0.3729281767955801,0.47038327526132406,9.398569696036345,362,0.21161825726141079,0.5331010452961672,5.3332224904940215,723,0.060218620776493384,117,86,6860,170,0.5763546798029556,0.4076655052264808,0.4775510204081633,0.012381226605240426,0.5923344947735192,203,0.028065809484308032,0.9646066639015622,0.9603207521083921,,,local_outlier_factor,False,True,False
rules_only,7233,287,0.039679247891607906,0.8427671504718832,0.35418029870298506,0.75,0.18815331010452963,18.90156794425087,72,0.35359116022099446,0.445993031358885,8.911236452538164,362,0.26141078838174275,0.6585365853658537,6.588098370610263,723,0.18723775251730987,153,316,6630,134,0.326226012793177,0.5331010452961672,0.40476190476190477,0.04549380938669738,0.46689895470383275,469,0.06484169777409098,0.9377851513894649,0.9603207521083921,0.029047397597446904,0.0014089305503881427,rules_only,True,False,False
isolation_forest,7233,287,0.039679247891607906,0.8233626051039827,0.2107202238385114,0.4027777777777778,0.10104529616724739,10.150842044134729,72,0.24585635359116023,0.31010452961672474,6.196094095905442,362,0.18810511756569848,0.4738675958188153,4.740642213772464,723,0.43103325957876576,93,288,6658,194,0.2440944881889764,0.3240418118466899,0.27844311377245506,0.041462712352433054,0.6759581881533101,381,0.052675238490253004,0.9333609843771602,0.9603207521083921,,,isolation_forest,False,False,False
